{
    "kuid": "957d04ta-3ca1-4frc-86u3-95f64fn6",
    "id": "VoltMX.LocalizedCard.1",
    "content": {
        "title": "en-us title",
        "body": "en-us body"
    },
    "pointer": {
        "direction": "left",
        "element": "",
        "type": "none"
    },
    "navigationType": "manual",
    "navigationBar": {
        "left": {
            "text": "en-us left",
            "enable": true,
            "hide": false
        },
        "right": {
            "text": "en-us right",
            "enable": true,
            "hide": false
        }
    },
    "navigationCondition": "",
    "position": "BOTTOM_RIGHT",
    "meta": {
        "Creator": "Anonymous",
        "CreatedOn": "Thu, 10 Jun 2021 08:05:43 GMT"
    },
    "context": [],
    "localization": {
        "en-us": {
            "content": {
                "title": "en-us title",
                "body": "en-us body"
            },
            "navigationBar": {
                "left": {
                    "text": "en-us left"
                },
                "right": {
                    "text": "en-us right"
                }
            }
        },
        "zh-tw": {
            "content": {
                "title": "zh-tw title",
                "body": "zh-tw body"
            },
            "navigationBar": {
                "left": {
                    "text": "zh-tw left"
                },
                "right": {
                    "text": "zh-tw right"
                }
            }
        },
        "zh-cn": {
            "content": {
                "title": "zh-cn title",
                "body": "zh-cn body"
            },
            "navigationBar": {
                "left": {
                    "text": "zh-cn left"
                },
                "right": {
                    "text": "zh-cn right"
                }
            }
        },
        "hi-in": {
            "content": {
                "title": "hi-in title",
                "body": "hi-in body"
            },
            "navigationBar": {
                "left": {
                    "text": "hi-in left"
                },
                "right": {
                    "text": "hi-in right"
                }
            }
        }
    }
}