{
  "Card.VoltMX.AddaSalesforceServiceV9.Intro": {
    "content": {
      "title": "Adding a Salesforce Service to your App",
      "body": "<p>In this hike, we will learn how to add a Salesforce service to your app using <b>Volt MX Foundry</b> in the Iris.<br/ >\n </p>\n<p>Before we get started, create an app in Salesforce and get <b>Client ID</b>, <b>Client Secret</b>, and <b>Security Token</b>.</p>"
    },
    "navigationBar": {
      "left": {
        "text": "Previous"
      },
      "right": {
        "text": "Start"
      }
    }
  },
  "Card.VoltMX.AddaSalesforceServiceV9.NewProject1": {
    "content": {
      "title": "Create a New Project",
      "body": "<ol>\n<li>From the main menu of the Iris, navigate to <strong>Project</strong> &gt; <strong>New Project</strong>.</li>\n<li>From the <strong>What do you want to start with now? </strong>window, select <strong>Native App</strong>.</li>\n<li>Click <strong>Next</strong>.<br/>The <b>You started with a Native App</b> window opens. </li>\n</ol>"
    },
    "navigationBar": {
      "left": {
        "text": "Previous"
      },
      "right": {
        "text": "Next"
      }
    }
  },
  "Card.VoltMX.AddaSalesforceServiceV9.NewProject2": {
    "content": {
      "title": "Create a New Project",
      "body": "<ol>\n<li>Under <strong>Project Name</strong>, enter <strong>SalesforceSample</strong>.</li>\n<li>Click <strong>Create</strong>.<br />A new application is created with one flex form. <br />The application opens in the <strong>Storyboard </strong>view.</li>\n</ol>"
    },
    "navigationBar": {
      "left": {
        "text": "Previous"
      },
      "right": {
        "text": "Next"
      }
    }
  },
  "Card.VoltMX.AddaSalesforceServiceV9.rename": {
    "content": {
      "title": "Rename the Form",
      "body": "<ol>\n<li>In the <strong>Storyboard</strong> view, above the new Form, click <strong>Form1</strong>.</li>\n<li>Rename the form from <strong>Form1</strong> to <strong>frmLogin</strong>.</li>\n<li>To add widgets to the form, double-click on the form to open the form in <strong>Design </strong>view.</li>\n</ol>"
    },
    "navigationBar": {
      "left": {
        "text": "Previous"
      },
      "right": {
        "text": "Next"
      }
    }
  },
  "Card.VoltMX.AddaSalesforceServiceV9.addServices": {
    "content": {
      "title": "Add the Salesforce Service to your App",
      "body": "<ol>\n<li>From the <strong>Data &amp; Services</strong> panel, expand <strong>Project Services</strong>.</li>\n<li>Click <strong>Configure New</strong> to get a list of prepacked services.</li>\n<li>Under <strong>Data Integration</strong>, select <strong>Salesforce</strong>.<br />The <strong>Configure Object Service</strong> window appears.</li>\n</ol>"
    },
    "navigationBar": {
      "left": {
        "text": "Previous"
      },
      "right": {
        "text": "Next"
      }
    }
  },
  "Card.VoltMX.AddaSalesforceServiceV9.addObj": {
    "content": {
      "title": "Create a New Object Service",
      "body": "<ol>\n<li>In the <strong>Configure Object Service</strong> window, provide the name of object service: <strong>SalesforceSample</strong>.<br />Other fields such as - Endpoints type (Salesforce), MetaData Security Level (Authenticated App User), and Version are pre-filled.</li>\n<li>Select the <strong>Specify Login Endpoint</strong> in the <strong>Authentication</strong> section.</li>\n<li>Provide the following data from your salesforce application in the <b>Authentication</b> section:\n<ul>\n<li><strong>Client ID</strong></li>\n<li><strong>Client Secret</strong></li>\n<li><strong>UserID</strong> and <strong>Password</strong> - Your Salesforce UserID and Password (Password may need to append with Security Token).</li>\n</ul>\n</li>\n<li>Click <strong>Save &amp; Generate</strong>.<br />The <strong>Import Objects from Backend</strong> window appears.</li>\n</ol>"
    },
    "navigationBar": {
      "left": {
        "text": "Previous"
      },
      "right": {
        "text": "Next"
      }
    }
  },
  "Card.VoltMX.AddaSalesforceServiceV9.importObj": {
    "content": {
      "title": "Import Objects from Salesforce App",
      "body": "<p>Notice that the objects in your salesforce account appear on the <b>Import Objects from Backend</b> window.</p>\n<ol><li>Select the <b>Account</b> object from the list.</li>\n<li>Click <b>Next</b> button to import the account object.</li></ol>"
    },
    "navigationBar": {
      "left": {
        "text": "Previous"
      },
      "right": {
        "text": "Next"
      }
    }
  },
  "Card.VoltMX.AddaSalesforceServiceV9.generateObj": {
    "content": {
      "title": "Add Account Object to Salesforce",
      "body": "<ol>\n<li>Click <strong>Generate</strong> to add the <strong>Account</strong> object to your salesforce service.</li>\n<li>Close the <strong>Configure Object Service</strong> window.<br />You have successfully added the <strong>Account </strong>object to your service.</li>\n</ol>"
    },
    "navigationBar": {
      "left": {
        "text": "Previous"
      },
      "right": {
        "text": "Next"
      }
    }
  },
  "Card.VoltMX.AddaSalesforceServiceV9.UIforSalesforce": {
    "content": {
      "title": "Generate UI for Service",
      "body": "<ol>\n<li>From the <strong>Project</strong> explorer, navigate to <strong>Mobile</strong> &gt; <strong>Forms</strong> and select <strong>frmLogin</strong>.</li>\n<li>From the <strong>Project Services</strong> tab on the top right of your canvas, expand <strong>Project Services</strong> &gt; <strong>SalesforceSample</strong> &gt; <strong>Account</strong>, and select <strong>get</strong>.</li>\n<li>Drop the <strong>get </strong>method onto the <strong>frmLogin</strong> form on your canvas.<br /><strong>What would you like to generate?</strong> window appears. </li>\n<li>Select <strong>List Using Response</strong>.</li>\n<li>Click <strong>OK</strong>.</li>\n</ol>"
    },
    "navigationBar": {
      "left": {
        "text": "Previous"
      },
      "right": {
        "text": "Next"
      }
    }
  },
  "Card.VoltMX.AddaSalesforceServiceV9.appviewer": {
    "content": {
      "title": "Volt MX App",
      "body": "<ol>\n<li>Connect your <b>mobile</b> to your computer using a USB cable.<br />\nFor Android devices, make sure you use USB to <b>Transfer Files</b>.</li>\n<li>Launch the <b>Volt MX App</b> on your <b>mobile</b>.</li>\n<li>Select the <b>USB</b> tab.</li>\n<li>On a successful connection, <b>Iris</b> on your computer shows a success promptly.<br />\nAt the same time, the USB icon turns green on your <b>Volt MX App</b>.</li>\n</ol>"
    },
    "navigationBar": {
      "left": {
        "text": "Previous"
      },
      "right": {
        "text": "Next"
      }
    }
  },
  "Card.VoltMX.AddaSalesforceServiceV9.settings": {
    "content": {
      "title": "Settings for Live Preview",
      "body": "<ol><li>From the main menu, select <b>Build</b>.</li>\n<li>Click <b>Live Preview Settings</b>.</li></ol>"
    },
    "navigationBar": {
      "left": {
        "text": "Previous"
      },
      "right": {
        "text": "Next"
      }
    }
  },
  "Card.VoltMX.AddaSalesforceServiceV9.run": {
    "content": {
      "title": "Run the App",
      "body": "<ol><li>From the <b>Live Preview Settings</b> window, under <b>Native</b>, select the checkboxes next to the OS of the mobile/tablet on which you are going to view the app. <br/>For example: <b>iOS </b> and <b>Android</b>.<br/>Make sure you have unselected all the other platforms and channels.</li>\n<li>Click <b>Save & Run</b>.<br/> It may take some time for Iris to show the <b>Live Preview is ready</b> window.</ol>"
    },
    "navigationBar": {
      "left": {
        "text": "Previous"
      },
      "right": {
        "text": "Next"
      }
    }
  },
  "Card.VoltMX.AddaSalesforceServiceV9.view": {
    "content": {
      "title": "View the App",
      "body": "<ol>\n<li>On your <b>Volt MX App</b>, click <b>Launch</b>.<br />\nIf you are prompted to provide the application name, enter <b>SalesforceSample</b> and click <b>Launch</b>.</li><li>To <b>Exit</b> the preview, swipe two fingers from left to right or shake your mobile.</li>\n</ol>"
    },
    "navigationBar": {
      "left": {
        "text": "Previous"
      },
      "right": {
        "text": "Next"
      }
    }
  },
  "Card.VoltMX.AddaSalesforceServiceV9.last": {
    "content": {
      "title": "Congratulations",
      "body": "<p>You have successfully:</p>\n<ul><b>\n<li>Added a Salesforce service to your app using Volt MX Foundry in Iris</li>\n<li>Created a UI using the Salesforce service response</li>\n<li>Launched your app on your mobile device using Volt MX App</li></b>\n</ul>"
    },
    "navigationBar": {
      "left": {
        "text": "Previous"
      },
      "right": {
        "text": "Done"
      }
    }
  }
}