{
  "kuid": "6ca36fte-44ac-46ra-89ub-08f6a2n9",
  "id": "VoltMX.AddaSalesforceServiceV9.last",
  "content": {
    "title": "Congratulations",
    "body": "<p>You have successfully:</p>\n<ul><b>\n<li>Added a Salesforce service to your app using Volt MX Foundry in Iris</li>\n<li>Created a UI using the Salesforce service response</li>\n<li>Launched your app on your mobile device using Volt MX App</li></b>\n</ul>"
  },
  "pointer": {
    "direction": "left",
    "element": "",
    "type": "none"
  },
  "navigationType": "manual",
  "navigationBar": {
    "left": {
      "text": "Previous",
      "enable": true,
      "hide": false
    },
    "right": {
      "text": "Done",
      "enable": true,
      "hide": false
    }
  },
  "navigationCondition": "",
  "position": "CENTER",
  "meta": {
    "Creator": "Rashmi Menon",
    "CreatedOn": "Wed, 27 Nov 2019 09:01:20 GMT"
  },
  "context": [],
  "localization": {
    "en-us": {
      "content": {
        "title": "Congratulations",
        "body": "<p>You have successfully:</p>\n<ul><b>\n<li>Added a Salesforce service to your app using Volt MX Foundry in Iris</li>\n<li>Created a UI using the Salesforce service response</li>\n<li>Launched your app on your mobile device using Volt MX App</li></b>\n</ul>"
      },
      "navigationBar": {
        "left": {
          "text": "Previous"
        },
        "right": {
          "text": "Done"
        }
      }
    }
  }
}